name;label
train_0001;V
train_0002;V
train_0003;E
train_0004;V
train_0005;E
train_0006;V
train_0007;E
train_0008;O
train_0009;V
train_0010;V
train_0011;O
train_0012;V
train_0013;O
train_0014;V
train_0015;O
train_0016;O
train_0017;O
train_0018;V
train_0019;O
train_0020;V
train_0021;E
train_0022;V
train_0023;V
train_0024;E
train_0025;O
train_0026;V
train_0027;E
train_0028;O
train_0029;V
train_0030;V
train_0031;O
train_0032;O
train_0033;O
train_0034;V
train_0035;O
train_0036;V
train_0037;V
train_0038;V
train_0039;V
train_0040;O
train_0041;V
train_0042;E
train_0043;V
train_0044;V
train_0045;V
train_0046;O
train_0047;V
train_0048;E
train_0049;V
train_0050;V
train_0051;V
train_0052;V
train_0053;V
train_0054;V
train_0055;O
train_0056;V
train_0057;O
train_0058;V
train_0059;V
train_0060;O
train_0061;O
train_0062;V
train_0063;V
train_0064;O
train_0065;V
train_0066;V
train_0067;V
train_0068;V
train_0069;V
train_0070;O
train_0071;V
train_0072;V
train_0073;V
train_0074;V
train_0075;O
train_0076;O
train_0077;O
train_0078;V
train_0079;V
train_0080;O
train_0081;V
train_0082;V
train_0083;O
train_0084;V
train_0085;O
train_0086;V
train_0087;T
train_0088;V
train_0089;V
train_0090;O
train_0091;O
train_0092;O
train_0093;O
train_0094;T
train_0095;V
train_0096;V
train_0097;V
train_0098;V
train_0099;O
train_0100;V
train_0101;V
train_0102;V
train_0103;V
train_0104;O
train_0105;V
train_0106;O
train_0107;V
train_0108;V
train_0109;V
train_0110;V
train_0111;V
train_0112;V
train_0113;V
train_0114;T
train_0115;V
train_0116;V
train_0117;V
train_0118;E
train_0119;O
train_0120;V
train_0121;V
train_0122;V
train_0123;V
train_0124;O
train_0125;V
train_0126;V
train_0127;V
train_0128;V
train_0129;V
train_0130;V
train_0131;O
train_0132;V
train_0133;V
train_0134;V
train_0135;E
train_0136;V
train_0137;V
train_0138;V
train_0139;V
train_0140;V
train_0141;O
train_0142;O
train_0143;V
train_0144;O
train_0145;V
train_0146;V
train_0147;V
train_0148;V
train_0149;O
train_0150;V
train_0151;O
train_0152;E
train_0153;V
train_0154;V
train_0155;O
train_0156;O
train_0157;V
train_0158;O
train_0159;O
train_0160;V
train_0161;V
train_0162;V
train_0163;V
train_0164;V
train_0165;E
train_0166;V
train_0167;V
train_0168;V
train_0169;E
train_0170;T
train_0171;O
train_0172;O
train_0173;V
train_0174;O
train_0175;E
train_0176;V
train_0177;O
train_0178;E
train_0179;E
train_0180;O
train_0181;T
train_0182;O
train_0183;V
train_0184;O
train_0185;O
train_0186;O
train_0187;O
train_0188;V
train_0189;V
train_0190;V
train_0191;V
train_0192;O
train_0193;V
train_0194;E
train_0195;E
train_0196;E
train_0197;V
train_0198;V
train_0199;V
train_0200;V
train_0201;O
train_0202;T
train_0203;V
train_0204;V
train_0205;V
train_0206;V
train_0207;V
train_0208;V
train_0209;O
train_0210;T
train_0211;O
train_0212;V
train_0213;E
train_0214;V
train_0215;V
train_0216;V
train_0217;V
train_0218;O
train_0219;E
train_0220;V
train_0221;V
train_0222;O
train_0223;O
train_0224;V
train_0225;O
train_0226;V
train_0227;V
train_0228;V
train_0229;V
train_0230;V
train_0231;V
train_0232;V
train_0233;O
train_0234;E
train_0235;V
train_0236;O
train_0237;O
train_0238;V
train_0239;V
train_0240;V
train_0241;O
train_0242;V
train_0243;O
train_0244;V
train_0245;E
train_0246;E
train_0247;E
train_0248;O
train_0249;V
train_0250;V
train_0251;O
train_0252;O
train_0253;V
train_0254;V
train_0255;V
train_0256;V
train_0257;V
train_0258;E
train_0259;V
train_0260;V
train_0261;E
train_0262;O
train_0263;V
train_0264;V
train_0265;V
train_0266;E
train_0267;V
train_0268;O
train_0269;V
train_0270;E
train_0271;V
train_0272;V
train_0273;V
train_0274;V
train_0275;V
train_0276;O
train_0277;V
train_0278;T
train_0279;E
train_0280;O
train_0281;V
train_0282;V
devel_0001;V
devel_0002;E
devel_0003;V
devel_0004;O
devel_0005;V
devel_0006;V
devel_0007;O
devel_0008;E
devel_0009;O
devel_0010;V
devel_0011;V
devel_0012;V
devel_0013;V
devel_0014;O
devel_0015;O
devel_0016;O
devel_0017;O
devel_0018;O
devel_0019;V
devel_0020;O
devel_0021;V
devel_0022;V
devel_0023;V
devel_0024;V
devel_0025;V
devel_0026;V
devel_0027;V
devel_0028;O
devel_0029;E
devel_0030;V
devel_0031;O
devel_0032;V
devel_0033;V
devel_0034;V
devel_0035;V
devel_0036;O
devel_0037;O
devel_0038;V
devel_0039;E
devel_0040;T
devel_0041;V
devel_0042;V
devel_0043;V
devel_0044;O
devel_0045;V
devel_0046;O
devel_0047;O
devel_0048;V
devel_0049;E
devel_0050;V
devel_0051;V
devel_0052;V
devel_0053;O
devel_0054;V
devel_0055;V
devel_0056;O
devel_0057;O
devel_0058;V
devel_0059;V
devel_0060;V
devel_0061;V
devel_0062;V
devel_0063;O
devel_0064;E
devel_0065;O
devel_0066;V
devel_0067;O
devel_0068;T
devel_0069;O
devel_0070;V
devel_0071;V
devel_0072;V
devel_0073;O
devel_0074;V
devel_0075;V
devel_0076;O
devel_0077;E
devel_0078;V
devel_0079;E
devel_0080;V
devel_0081;O
devel_0082;V
devel_0083;E
devel_0084;V
devel_0085;V
devel_0086;O
devel_0087;V
devel_0088;V
devel_0089;V
devel_0090;V
devel_0091;V
devel_0092;V
devel_0093;O
devel_0094;O
devel_0095;T
devel_0096;O
devel_0097;T
devel_0098;V
devel_0099;V
devel_0100;V
devel_0101;V
devel_0102;V
devel_0103;O
devel_0104;V
devel_0105;O
devel_0106;V
devel_0107;V
devel_0108;V
devel_0109;O
devel_0110;V
devel_0111;O
devel_0112;V
devel_0113;V
devel_0114;T
devel_0115;T
devel_0116;V
devel_0117;V
devel_0118;V
devel_0119;V
devel_0120;O
devel_0121;V
devel_0122;T
devel_0123;V
devel_0124;V
devel_0125;V
devel_0126;V
devel_0127;V
devel_0128;V
devel_0129;V
devel_0130;O
devel_0131;V
devel_0132;O
devel_0133;V
devel_0134;V
devel_0135;V
devel_0136;E
devel_0137;V
devel_0138;V
devel_0139;V
devel_0140;O
devel_0141;O
devel_0142;O
devel_0143;O
devel_0144;V
devel_0145;V
devel_0146;V
devel_0147;V
devel_0148;V
devel_0149;V
devel_0150;O
devel_0151;V
devel_0152;O
devel_0153;E
devel_0154;T
devel_0155;V
devel_0156;O
devel_0157;O
devel_0158;V
devel_0159;O
devel_0160;O
devel_0161;V
devel_0162;V
devel_0163;V
devel_0164;V
devel_0165;V
devel_0166;E
devel_0167;V
devel_0168;O
devel_0169;V
devel_0170;E
devel_0171;T
devel_0172;O
devel_0173;O
devel_0174;V
devel_0175;O
devel_0176;E
devel_0177;V
devel_0178;V
devel_0179;E
devel_0180;E
devel_0181;O
devel_0182;V
devel_0183;O
devel_0184;V
devel_0185;O
devel_0186;O
devel_0187;O
devel_0188;O
devel_0189;T
devel_0190;V
devel_0191;V
devel_0192;V
devel_0193;V
devel_0194;V
devel_0195;E
devel_0196;E
devel_0197;E
devel_0198;V
devel_0199;V
devel_0200;V
devel_0201;V
devel_0202;O
devel_0203;T
devel_0204;V
devel_0205;V
devel_0206;V
devel_0207;T
devel_0208;V
devel_0209;E
devel_0210;O
devel_0211;V
devel_0212;O
devel_0213;V
devel_0214;E
devel_0215;V
devel_0216;V
devel_0217;V
devel_0218;V
devel_0219;O
devel_0220;E
devel_0221;V
devel_0222;V
devel_0223;O
devel_0224;E
devel_0225;V
devel_0226;O
devel_0227;V
devel_0228;V
devel_0229;V
devel_0230;V
devel_0231;V
devel_0232;V
devel_0233;V
devel_0234;O
devel_0235;E
devel_0236;V
devel_0237;O
devel_0238;O
devel_0239;V
devel_0240;V
devel_0241;T
devel_0242;O
devel_0243;V
devel_0244;O
devel_0245;V
devel_0246;E
devel_0247;E
devel_0248;E
devel_0249;O
devel_0250;V
devel_0251;V
devel_0252;O
devel_0253;O
devel_0254;V
devel_0255;V
devel_0256;V
devel_0257;V
devel_0258;V
devel_0259;E
devel_0260;V
devel_0261;V
devel_0262;E
devel_0263;O
devel_0264;V
devel_0265;V
devel_0266;V
devel_0267;E
devel_0268;V
devel_0269;O
devel_0270;V
devel_0271;E
devel_0272;V
devel_0273;V
devel_0274;V
devel_0275;T
devel_0276;V
devel_0277;O
devel_0278;V
devel_0279;T
devel_0280;E
devel_0281;O
devel_0282;V
devel_0283;V
test_0001;O
test_0002;V
test_0003;V
test_0004;V
test_0005;V
test_0006;V
test_0007;O
test_0008;V
test_0009;V
test_0010;O
test_0011;V
test_0012;O
test_0013;V
test_0014;O
test_0015;V
test_0016;T
test_0017;E
test_0018;V
test_0019;O
test_0020;V
test_0021;V
test_0022;V
test_0023;V
test_0024;V
test_0025;O
test_0026;V
test_0027;O
test_0028;O
test_0029;V
test_0030;V
test_0031;V
test_0032;V
test_0033;V
test_0034;V
test_0035;O
test_0036;O
test_0037;O
test_0038;O
test_0039;O
test_0040;O
test_0041;T
test_0042;O
test_0043;O
test_0044;V
test_0045;V
test_0046;E
test_0047;O
test_0048;V
test_0049;O
test_0050;T
test_0051;V
test_0052;V
test_0053;V
test_0054;V
test_0055;O
test_0056;V
test_0057;E
test_0058;E
test_0059;O
test_0060;V
test_0061;O
test_0062;V
test_0063;V
test_0064;V
test_0065;E
test_0066;O
test_0067;V
test_0068;V
test_0069;V
test_0070;V
test_0071;V
test_0072;O
test_0073;V
test_0074;V
test_0075;E
test_0076;V
test_0077;V
test_0078;V
test_0079;V
test_0080;V
test_0081;O
test_0082;V
test_0083;T
test_0084;E
test_0085;V
test_0086;V
test_0087;V
test_0088;O
test_0089;O
test_0090;V
test_0091;V
test_0092;V
test_0093;V
test_0094;T
test_0095;T
test_0096;V
test_0097;V
test_0098;O
test_0099;V
test_0100;V
test_0101;O
test_0102;V
test_0103;V
test_0104;T
test_0105;O
test_0106;V
test_0107;V
test_0108;V
test_0109;V
test_0110;O
test_0111;O
test_0112;O
test_0113;E
test_0114;V
test_0115;O
test_0116;V
test_0117;V
test_0118;V
test_0119;V
test_0120;O
test_0121;V
test_0122;V
test_0123;O
test_0124;V
test_0125;V
test_0126;V
test_0127;V
test_0128;V
test_0129;T
test_0130;V
test_0131;V
test_0132;O
test_0133;E
test_0134;V
test_0135;V
test_0136;O
test_0137;O
test_0138;E
test_0139;O
test_0140;O
test_0141;V
test_0142;V
test_0143;V
test_0144;V
test_0145;V
test_0146;E
test_0147;V
test_0148;V
test_0149;V
test_0150;V
test_0151;V
test_0152;V
test_0153;O
test_0154;V
test_0155;V
test_0156;E
test_0157;V
test_0158;V
test_0159;V
test_0160;E
test_0161;O
test_0162;T
test_0163;O
test_0164;V
test_0165;O
test_0166;O
test_0167;O
test_0168;O
test_0169;V
test_0170;V
test_0171;V
test_0172;V
test_0173;V
test_0174;V
test_0175;E
test_0176;E
test_0177;E
test_0178;V
test_0179;V
test_0180;V
test_0181;V
test_0182;O
test_0183;T
test_0184;V
test_0185;E
test_0186;V
test_0187;V
test_0188;E
test_0189;V
test_0190;O
test_0191;V
test_0192;O
test_0193;V
test_0194;E
test_0195;V
test_0196;V
test_0197;V
test_0198;V
test_0199;T
test_0200;V
test_0201;V
test_0202;V
test_0203;T
test_0204;O
test_0205;V
test_0206;O
test_0207;V
test_0208;T
test_0209;V
test_0210;V
test_0211;V
test_0212;V
test_0213;V
test_0214;O
test_0215;E
test_0216;V
test_0217;O
test_0218;T
test_0219;V
test_0220;V
test_0221;V
test_0222;O
test_0223;V
test_0224;O
test_0225;V
test_0226;E
test_0227;E
test_0228;E
test_0229;O
test_0230;V
test_0231;V
test_0232;O
test_0233;O
test_0234;V
test_0235;V
test_0236;V
test_0237;V
test_0238;V
test_0239;E
test_0240;V
test_0241;V
test_0242;E
test_0243;O
test_0244;V
test_0245;V
test_0246;V
test_0247;E
test_0248;V
test_0249;O
test_0250;V
test_0251;E
test_0252;V
test_0253;V
test_0254;V
test_0255;T
test_0256;V
test_0257;O
test_0258;V
test_0259;T
test_0260;O
test_0261;O
test_0262;V
test_0263;V
